{
    "title": "MaixPy DOC",
    "description": "MaixPy documentation",
    "author": "sipeed",
    "plugins": [
        "my-toolbar",
        "-lunr",
        "-search",
        "-search-title",
        "terminal",
        "search-pro",
        "expandable-chapters",
        "chapter-fold",
        "tbfed-pagefooter",
        "anchor-navigation-ex",
        "puml",
        "popup",
        "lightbox",
        "auto-scroll-table",
        "hide-element",
        "todo",
        "anchorjs",
        "sharing",
        "prism",
        "-highlight",
        "prism-themes",
        "edit-link",
        "ga",
        "hide-element",
        "pageview-count",
        "collapsible-chapters"
    ],
    "styles": {
        "website": "./styles/website.css"
    },
    "pluginsConfig": {
        "github": {
            "url": "https://github.com/sipeed/MaixPy"
        },
        "prism": {
            "css": [
                "prism-themes/themes/prism-atom-dark.css"
            ]
        },
        "my-toolbar": {
            "buttons": [
                {
                    "label": "Github",
                    "text": " ",
                    "icon": "fa fa-github",
                    "position": "left",
                    "target": "_blank",
                    "url": "https://github.com/sipeed/MaixPy"
                }
            ]
        },
        "search": {
            "maxIndexSize": 1000000000
        },
        "lunr": {
            "maxIndexSize": 1000000000
        },
        "edit-link": {
            "base": "https://github.com/sipeed/MaixPy_DOC/blob/master",
            "label": ""
        },
        "sharing": {
            "douban": false,
            "facebook": true,
            "google": true,
            "hatenaBookmark": false,
            "instapaper": false,
            "line": false,
            "linkedin": false,
            "messenger": false,
            "pocket": false,
            "qq": false,
            "qzone": false,
            "stumbleupon": false,
            "twitter": true,
            "viber": false,
            "vk": false,
            "weibo": true,
            "whatsapp": false,
            "all": [
                "weibo",
                "facebook",
                "google",
                "twitter",
                "vk"
            ]
        },
        "hide-element": {
            "elements": [
                ".gitbook-link"
            ]
        },
        "anchor-navigation-ex": {
            "associatedWithSummary": false,
            "showLevel": true,
            "multipleH1": false,
            "mode": "float",
            "pageTop": {
                "showLevelIcon": true,
                "level1Icon": "fa fa-angle-double-right",
                "level2Icon": "fa fa-angle-double-right",
                "level3Icon": "fa fa-angle-double-right"
            }
        },
        "ga": {
            "token": "UA-119047820-2"
        }
    }
}